{
  "input": "data/v1/sample_predictions.csv",
  "labels": [
    "alert",
    "distraction",
    "drowsy",
    "no_face",
    "yawn"
  ],
  "accuracy": 0.5833333333333334,
  "precision_macro": 0.8,
  "recall_macro": 0.5666666666666667,
  "f1_macro": 0.6222222222222221,
  "false_alerts_per_hour": 327.27272727272725,
  "confusion_matrix": {
    "labels": [
      "alert",
      "distraction",
      "drowsy",
      "no_face",
      "yawn"
    ],
    "values": [
      [
        2,
        0,
        1,
        0,
        0
      ],
      [
        1,
        1,
        0,
        0,
        0
      ],
      [
        1,
        0,
        2,
        0,
        0
      ],
      [
        1,
        0,
        0,
        1,
        0
      ],
      [
        1,
        0,
        0,
        0,
        1
      ]
    ]
  },
  "per_class": {
    "alert": {
      "precision": 0.3333333333333333,
      "recall": 0.6666666666666666,
      "f1-score": 0.4444444444444444,
      "support": 3.0
    },
    "distraction": {
      "precision": 1.0,
      "recall": 0.5,
      "f1-score": 0.6666666666666666,
      "support": 2.0
    },
    "drowsy": {
      "precision": 0.6666666666666666,
      "recall": 0.6666666666666666,
      "f1-score": 0.6666666666666666,
      "support": 3.0
    },
    "no_face": {
      "precision": 1.0,
      "recall": 0.5,
      "f1-score": 0.6666666666666666,
      "support": 2.0
    },
    "yawn": {
      "precision": 1.0,
      "recall": 0.5,
      "f1-score": 0.6666666666666666,
      "support": 2.0
    }
  }
}