{
  "created_at": "2026-04-21T03:05:16.817655",
  "version": "v2",
  "input": "data/v2/features.csv",
  "features": [
    "left_ear",
    "right_ear",
    "avg_ear",
    "ear_variance",
    "blink_frequency",
    "eye_closure_duration",
    "head_pitch",
    "head_yaw",
    "head_roll",
    "mar",
    "yawn_frequency"
  ],
  "label_col": "label",
  "best_model": "random_forest",
  "results": {
    "logreg": {
      "accuracy": 0.859504132231405,
      "f1_macro": 0.8669512908841027,
      "classification_report": {
        "alert": {
          "precision": 0.7941176470588235,
          "recall": 0.84375,
          "f1-score": 0.8181818181818182,
          "support": 32.0
        },
        "distraction": {
          "precision": 0.7837837837837838,
          "recall": 0.8529411764705882,
          "f1-score": 0.8169014084507042,
          "support": 34.0
        },
        "drowsy": {
          "precision": 0.9285714285714286,
          "recall": 0.8666666666666667,
          "f1-score": 0.896551724137931,
          "support": 30.0
        },
        "yawn": {
          "precision": 1.0,
          "recall": 0.88,
          "f1-score": 0.9361702127659575,
          "support": 25.0
        },
        "accuracy": 0.859504132231405,
        "macro avg": {
          "precision": 0.8766182148535089,
          "recall": 0.8608394607843137,
          "f1-score": 0.8669512908841027,
          "support": 121.0
        },
        "weighted avg": {
          "precision": 0.8670872414187922,
          "recall": 0.859504132231405,
          "f1-score": 0.8616303563010661,
          "support": 121.0
        }
      }
    },
    "random_forest": {
      "accuracy": 0.9008264462809917,
      "f1_macro": 0.9063697318007663,
      "classification_report": {
        "alert": {
          "precision": 0.875,
          "recall": 0.875,
          "f1-score": 0.875,
          "support": 32.0
        },
        "distraction": {
          "precision": 0.8157894736842105,
          "recall": 0.9117647058823529,
          "f1-score": 0.8611111111111112,
          "support": 34.0
        },
        "drowsy": {
          "precision": 0.9642857142857143,
          "recall": 0.9,
          "f1-score": 0.9310344827586207,
          "support": 30.0
        },
        "yawn": {
          "precision": 1.0,
          "recall": 0.92,
          "f1-score": 0.9583333333333334,
          "support": 25.0
        },
        "accuracy": 0.9008264462809917,
        "macro avg": {
          "precision": 0.9137687969924813,
          "recall": 0.9016911764705882,
          "f1-score": 0.9063697318007663,
          "support": 121.0
        },
        "weighted avg": {
          "precision": 0.9063257316845834,
          "recall": 0.9008264462809917,
          "f1-score": 0.9022078148253698,
          "support": 121.0
        }
      }
    }
  },
  "artifact": "models/v2/model.joblib"
}